Date,Open*,High,Low,Close**,Volume,Market Cap
03-Feb-20,9344.68,9540.37,9248.63,9293.52,30934096509.00,169126861034.00
04-Feb-20,9292.84,9331.27,9112.81,9180.96,29893183716.00,167093636162.00
05-Feb-20,9183.42,9701.30,9163.70,9613.42,35222060874.00,174983423933.00
06-Feb-20,9617.82,9824.62,9539.82,9729.80,37628823716.00,177118274394.00
07-Feb-20,9726.00,9834.72,9726.00,9795.94,34522718159.00,178339437206.00
08-Feb-20,9793.07,9876.75,9678.91,9865.12,35172043762.00,179615828322.00
09-Feb-20,9863.89,10129.44,9850.39,10116.67,35807884663.00,184214765394.00
10-Feb-20,10115.56,10165.77,9784.56,9856.61,39386548075.00,179494809266.00
11-Feb-20,9855.89,10210.05,9729.33,10208.24,37648059389.00,185917114989.00
12-Feb-20,10202.39,10393.61,10202.39,10326.05,43444303830.00,188081204386.00
13-Feb-20,10323.96,10457.63,10116.16,10214.38,49356071373.00,186065003526.00
14-Feb-20,10211.55,10322.00,10125.53,10312.12,43338264162.00,187862645449.00
15-Feb-20,10313.86,10341.56,9874.43,9889.42,43865054831.00,180179996219.00
16-Feb-20,9889.18,10053.97,9722.39,9934.43,43374780305.00,181017665264.00
17-Feb-20,9936.56,9938.82,9507.64,9690.14,45998298413.00,176585280987.00
18-Feb-20,9691.23,10161.94,9632.38,10142.00,47271023953.00,184838512656.00
19-Feb-20,10143.80,10191.68,9611.22,9633.39,46992019710.00,175585931679.00
20-Feb-20,9629.33,9643.22,9507.90,9608.48,44925260237.00,175147142158.00
21-Feb-20,9611.78,9723.01,9589.74,9686.44,40930547513.00,176587087363.00
22-Feb-20,9687.71,9698.23,9600.73,9663.18,35838025154.00,176180696548.00
23-Feb-20,9663.32,9937.40,9657.79,9924.52,41185185761.00,180963233540.00
24-Feb-20,9921.58,9951.75,9537.04,9650.17,45080496648.00,175977808526.00
25-Feb-20,9651.31,9652.74,9305.02,9341.71,42515259129.00,170369581558.00
26-Feb-20,9338.29,9354.78,8704.43,8820.52,50420050762.00,160879489024.00
27-Feb-20,8825.09,8932.89,8577.20,8784.49,45470195695.00,160238496932.00
28-Feb-20,8788.73,8890.46,8492.93,8672.46,44605450443.00,158211707019.00
29-Feb-20,8671.21,8775.63,8599.51,8599.51,35792392544.00,156895988084.00
01-Mar-20,8599.76,8726.80,8471.21,8562.45,35349164300.00,156238987740.00
02-Mar-20,8563.26,8921.31,8532.63,8869.67,42857674409.00,161861167745.00
03-Mar-20,8865.39,8901.60,8704.99,8787.79,42386715821.00,160383579416.00
04-Mar-20,8788.54,8843.37,8712.43,8755.25,34746706368.00,159807857328.00
05-Mar-20,8760.29,9142.05,8757.25,9078.76,39698054597.00,165731679918.00
06-Mar-20,9078.31,9167.70,9032.08,9122.55,40826885651.00,166548261960.00
07-Mar-20,9121.60,9163.22,8890.74,8909.95,36216930370.00,162684945903.00
08-Mar-20,8908.21,8914.34,8105.25,8108.12,39973102121.00,148060284561.00
09-Mar-20,8111.15,8177.79,7690.10,7923.64,46936995808.00,144706353758.00
10-Mar-20,7922.15,8136.95,7814.76,7909.73,42213940994.00,144465567734.00
11-Mar-20,7910.09,7950.81,7642.81,7911.43,38682762605.00,144508402671.00
12-Mar-20,7913.62,7929.12,4860.35,4970.79,53980357243.00,90804613601.00
13-Mar-20,5017.83,5838.11,4106.98,5563.71,74156772075.00,101644613038.00
14-Mar-20,5573.08,5625.23,5125.07,5200.37,36154506008.00,95014981944.00
15-Mar-20,5201.07,5836.65,5169.28,5392.31,33997889639.00,98530059890.00
16-Mar-20,5385.23,5385.23,4575.36,5014.48,45368026430.00,91633478850.00
17-Mar-20,5002.58,5371.35,4981.91,5225.63,38622642935.00,95499941183.00
18-Mar-20,5227.11,5331.83,5069.34,5238.44,37878801016.00,95740715529.00
19-Mar-20,5245.42,6329.74,5236.97,6191.19,51000731797.00,113162079956.00
20-Mar-20,6191.65,6844.26,5865.78,6198.78,54442976103.00,113309245860.00
21-Mar-20,6206.52,6378.14,5932.82,6185.07,42494390880.00,113068192795.00
22-Mar-20,6185.56,6359.70,5823.71,5830.25,40099664740.00,106591196069.00
23-Mar-20,5831.37,6443.93,5785.00,6416.31,46491916000.00,117314776187.00
24-Mar-20,6436.64,6789.02,6411.07,6734.80,48221910672.00,123148917787.00
25-Mar-20,6738.72,6892.51,6536.93,6681.06,44590107888.00,122174009143.00
26-Mar-20,6675.17,6735.46,6590.96,6716.44,35319797642.00,122834375216.00
27-Mar-20,6719.39,6793.84,6466.70,6469.80,34585598367.00,118336082172.00
28-Mar-20,6467.25,6467.50,6117.84,6242.19,34885225901.00,114183689641.00
29-Mar-20,6245.62,6250.47,5920.09,5922.04,28373690931.00,108338520156.00
30-Mar-20,5925.54,6517.20,5903.23,6429.84,37101651525.00,117640143688.00
31-Mar-20,6430.61,6504.52,6374.16,6438.64,32786468812.00,117814077267.00
01-Apr-20,6437.32,6612.57,6202.37,6606.78,40346426266.00,120903014693.00
02-Apr-20,6606.78,7088.25,6595.92,6793.62,47660646124.00,124335130640.00
03-Apr-20,6797.40,7003.22,6673.34,6733.39,38976504903.00,123244051100.00
04-Apr-20,6738.38,6878.95,6696.48,6867.53,33185988584.00,125712834530.00
05-Apr-20,6862.54,6883.41,6715.93,6791.13,29510409856.00,124328853512.00
06-Apr-20,6788.05,7271.78,6782.89,7271.78,46896904615.00,133140400948.00
07-Apr-20,7273.64,7427.94,7136.71,7176.41,44243482668.00,131409299432.00
08-Apr-20,7179.28,7356.22,7153.31,7334.10,37563249549.00,134309895036.00
09-Apr-20,7337.97,7341.45,7179.09,7302.09,34815139178.00,133737857010.00
10-Apr-20,7303.82,7303.82,6802.47,6865.49,43622840992.00,125755496117.00
11-Apr-20,6867.44,6926.07,6789.92,6859.08,31222085946.00,125651623116.00
12-Apr-20,6858.07,7119.95,6811.08,6971.09,35759567632.00,127716846208.00
13-Apr-20,6965.62,6965.62,6668.26,6845.04,38619308647.00,125422221237.00
14-Apr-20,6843.28,6958.56,6793.82,6842.43,34110434052.00,125388687977.00
15-Apr-20,6845.56,6928.66,6633.40,6642.11,32288311031.00,121731940639.00
16-Apr-20,6640.45,7134.45,6555.50,7116.80,46783242377.00,130445413270.00
17-Apr-20,7116.55,7167.18,7050.33,7096.18,32513423567.00,130078472088.00
18-Apr-20,7092.29,7269.96,7089.25,7257.66,32447188386.00,133053136876.00
19-Apr-20,7260.92,7280.52,7167.05,7189.42,31311210215.00,131815853850.00
20-Apr-20,7186.87,7240.29,6835.50,6881.96,37747113936.00,126192239912.00
21-Apr-20,6879.78,6934.55,6834.44,6880.32,32589741511.00,126175238603.00
22-Apr-20,6879.44,7145.87,6867.78,7117.21,33249153866.00,130530916077.00
23-Apr-20,7121.31,7491.78,7081.59,7429.72,43500782316.00,136275638031.00
24-Apr-20,7434.18,7574.20,7434.18,7550.90,34636526286.00,138512029491.00
25-Apr-20,7550.48,7641.36,7521.67,7569.94,32941541447.00,138874072264.00
26-Apr-20,7570.14,7700.59,7561.41,7679.87,33070154491.00,140903867573.00
27-Apr-20,7679.42,7795.60,7679.42,7795.60,36162144725.00,143040988590.00
28-Apr-20,7796.97,7814.53,7730.81,7807.06,33187959921.00,143266252261.00
29-Apr-20,7806.71,8871.75,7786.05,8801.04,60201052203.00,161522471385.00
30-Apr-20,8797.67,9440.65,8533.26,8658.55,66964629541.00,158922133909.00
01-May-20,8672.78,9048.02,8667.76,8864.77,44068389997.00,162722652380.00
02-May-20,8869.06,9007.19,8811.37,8988.60,40134388683.00,165012307600.00
03-May-20,8983.61,9167.78,8830.97,8897.47,47101785174.00,163358189151.00
04-May-20,8895.74,8956.91,8645.02,8912.65,45718796276.00,163654493632.00
05-May-20,8912.83,9062.41,8856.83,9003.07,43148462663.00,165332488792.00
06-May-20,9007.44,9411.47,8966.71,9268.76,49371886931.00,170229620935.00
07-May-20,9261.90,9992.66,9138.32,9951.52,61112700562.00,182787376637.00
08-May-20,9936.16,9996.74,9767.17,9842.67,51780748042.00,180804859844.00
09-May-20,9840.91,9913.86,9580.64,9593.90,46566121841.00,176251395673.00
10-May-20,9591.17,9595.58,8395.11,8756.43,63325279337.00,160884755211.00
11-May-20,8755.54,9033.47,8374.32,8601.80,57119858802.00,158059235276.00
12-May-20,8610.39,8949.90,8569.64,8804.48,42142717533.00,161791577301.00
13-May-20,8805.39,9317.88,8805.39,9269.99,45558144023.00,170352710071.00
14-May-20,9271.33,9793.27,9255.03,9733.72,56426907637.00,178881641547.00
15-May-20,9734.29,9755.83,9261.40,9328.20,48158802327.00,171436341789.00
16-May-20,9333.24,9564.20,9260.69,9377.01,36164766408.00,172340956579.00
17-May-20,9374.93,9823.00,9349.55,9670.74,40084250663.00,177745404470.00
18-May-20,9675.69,9906.03,9570.36,9726.57,41827139896.00,178779483464.00
19-May-20,9727.06,9836.05,9539.62,9729.04,39254288955.00,178831635026.00
20-May-20,9725.33,9804.79,9447.20,9522.98,36546239703.00,175050963475.00
21-May-20,9522.74,9555.24,8869.93,9081.76,39326160532.00,166947987864.00
22-May-20,9080.33,9232.94,9008.64,9182.58,29810773699.00,168807619957.00
23-May-20,9185.06,9302.50,9118.11,9209.29,27727866812.00,169305492440.00
24-May-20,9212.28,9288.40,8787.25,8790.37,32518803300.00,161610414643.00
25-May-20,8786.11,8951.01,8719.67,8906.93,31288157264.00,163760453116.00
26-May-20,8909.59,8991.97,8757.29,8835.05,29584186947.00,162445535235.00
27-May-20,8837.38,9203.32,8834.16,9181.02,32740536902.00,168814700531.00
28-May-20,9184.94,9546.32,9148.46,9525.75,34367073114.00,175161235290.00
29-May-20,9528.36,9573.67,9379.34,9439.12,32896642044.00,173575756364.00
30-May-20,9438.91,9704.03,9366.73,9700.41,32722975141.00,178390129758.00
31-May-20,9700.11,9700.34,9432.30,9461.06,27773290299.00,173997151930.00
01-Jun-20,9463.61,10199.56,9450.90,10167.27,35198901068.00,186993405740.00
02-Jun-20,10162.97,10182.34,9460.57,9529.80,39137252109.00,175277218229.00
03-Jun-20,9533.76,9682.86,9471.85,9656.72,25007459262.00,177619631126.00
04-Jun-20,9655.85,9887.61,9525.25,9800.64,25921805072.00,180276153545.00
05-Jun-20,9800.22,9869.24,9663.22,9665.53,23509628646.00,177801825145.00
06-Jun-20,9664.90,9773.43,9591.02,9653.68,20438419222.00,177595657884.00
07-Jun-20,9653.00,9768.50,9458.15,9758.85,25015250846.00,179540253701.00
08-Jun-20,9760.06,9782.31,9675.89,9771.49,21486346312.00,179782576534.00
09-Jun-20,9774.36,9836.37,9664.72,9795.70,23717842783.00,180237817527.00
10-Jun-20,9794.12,9908.90,9728.29,9870.09,25706567601.00,181616765438.00
11-Jun-20,9870.08,9938.30,9263.07,9321.78,30247143440.00,171538133043.00
12-Jun-20,9320.69,9540.47,9285.85,9480.84,22610564515.00,174474896922.00
13-Jun-20,9480.74,9493.21,9396.01,9475.28,17564322315.00,174381819725.00
14-Jun-20,9477.55,9482.27,9347.59,9386.79,18991732746.00,172763239787.00
15-Jun-20,9386.04,9504.86,8990.18,9450.70,26699704768.00,173947607772.00
16-Jun-20,9454.27,9579.43,9400.45,9538.02,21565537209.00,175563963385.00
17-Jun-20,9533.78,9540.42,9327.34,9480.26,20177709879.00,174508805561.00
18-Jun-20,9481.57,9482.78,9328.40,9411.84,17770083003.00,173256688664.00
19-Jun-20,9410.29,9440.88,9274.30,9288.02,19632223107.00,170985625732.00
20-Jun-20,9290.96,9394.97,9247.38,9332.34,17130541557.00,171809438651.00
21-Jun-20,9330.93,9401.11,9300.43,9303.63,15324301169.00,171289415079.00
22-Jun-20,9300.92,9655.07,9296.87,9648.72,21104009514.00,177651397437.00
23-Jun-20,9644.08,9670.54,9547.25,9629.66,17006433272.00,177310052079.00
24-Jun-20,9632.15,9680.37,9278.23,9313.61,18961716076.00,171498781280.00
25-Jun-20,9314.13,9340.16,9095.32,9264.81,18616048626.00,170608289504.00
26-Jun-20,9260.99,9310.52,9101.74,9162.92,18341465837.00,168741367622.00
27-Jun-20,9167.82,9207.81,8998.22,9045.39,17273093144.00,166584831506.00
28-Jun-20,9048.46,9197.55,8975.53,9143.58,14560870760.00,168401806137.00
29-Jun-20,9140.03,9237.57,9041.88,9190.85,16460547078.00,169280659246.00
30-Jun-20,9185.58,9217.84,9084.84,9137.99,15735797744.00,168315606321.00
01-Jul-20,9145.99,9309.75,9104.73,9228.33,15971550355.00,169988756578.00
02-Jul-20,9231.14,9274.96,9036.62,9123.41,16338916796.00,168065586387.00
03-Jul-20,9124.84,9202.34,9058.79,9087.30,13078970999.00,167409720388.00
04-Jul-20,9084.23,9183.30,9053.63,9132.49,12290528515.00,168251076678.00
05-Jul-20,9126.09,9162.18,8977.02,9073.94,12903406143.00,167181726154.00
06-Jul-20,9072.85,9375.47,9058.66,9375.47,17889263252.00,172746103840.00
07-Jul-20,9349.16,9360.62,9201.82,9252.28,13839652595.00,170485472276.00
08-Jul-20,9253.02,9450.34,9249.50,9428.33,19702359883.00,173738543115.00
09-Jul-20,9427.99,9431.38,9235.00,9277.97,18000702524.00,170977231638.00
10-Jul-20,9273.36,9287.47,9118.00,9278.81,16860035605.00,171001933827.00
11-Jul-20,9277.51,9293.53,9199.49,9240.35,13249910444.00,170302234778.00
12-Jul-20,9241.06,9319.42,9197.45,9276.50,14452361907.00,170977422928.00
13-Jul-20,9277.20,9306.40,9224.29,9243.61,17519821266.00,170379677119.00
14-Jul-20,9238.70,9283.84,9171.66,9243.21,18085038362.00,170380670525.00
15-Jul-20,9241.90,9275.33,9171.93,9192.84,15844731575.00,169460074576.00
16-Jul-20,9191.98,9214.31,9088.95,9132.23,15713967523.00,168350501976.00
17-Jul-20,9131.81,9182.25,9089.20,9151.39,13944570750.00,168710427574.00
18-Jul-20,9151.18,9230.98,9100.82,9159.04,12252601475.00,168858972269.00
19-Jul-20,9158.01,9201.40,9097.63,9185.82,12939002784.00,169360219986.00
20-Jul-20,9187.22,9214.27,9137.51,9164.23,13755604146.00,168970262859.00
21-Jul-20,9162.51,9407.26,9149.39,9374.89,18069581956.00,172861732402.00
22-Jul-20,9375.08,9530.52,9319.65,9525.36,16532254884.00,175644844408.00
23-Jul-20,9527.14,9610.25,9483.00,9581.07,18146399002.00,176680237480.00
24-Jul-20,9585.51,9623.34,9481.45,9536.89,16552768325.00,175875016548.00
25-Jul-20,9539.49,9704.56,9530.21,9677.11,16610070933.00,178469614078.00
26-Jul-20,9680.23,10023.81,9652.85,9905.17,20507998997.00,182685328095.00
27-Jul-20,9905.22,11298.22,9903.97,10990.87,35359749590.00,202719581737.00
28-Jul-20,11017.46,11204.33,10632.63,10912.82,28766551142.00,201290022193.00
29-Jul-20,10912.95,11304.40,10856.14,11100.47,24617249715.00,204761455133.00
30-Jul-20,11099.83,11169.36,10895.46,11111.21,22857247901.00,204969047788.00
31-Jul-20,11110.21,11415.86,10987.05,11323.47,23160469766.00,208895308529.00
01-Aug-20,11322.57,11794.78,11239.68,11759.59,26075670303.00,216950669098.00
02-Aug-20,11758.76,12034.14,11018.13,11053.61,27410067336.00,203936136730.00
03-Aug-20,11043.77,11453.08,11012.41,11246.35,20271713443.00,207503423456.00
04-Aug-20,11246.20,11385.38,11094.15,11205.89,21250197042.00,206767135617.00
05-Aug-20,11203.82,11786.62,11158.29,11747.02,24411254471.00,216761492406.00
06-Aug-20,11749.87,11902.34,11598.71,11779.77,23400740340.00,217377233001.00
07-Aug-20,11778.89,11898.04,11408.59,11601.47,23132312867.00,214097928028.00
08-Aug-20,11604.55,11800.06,11558.43,11754.05,17572057837.00,216924147851.00
09-Aug-20,11737.33,11806.06,11548.78,11675.74,17489608833.00,215490364255.00
10-Aug-20,11662.26,12045.14,11662.26,11878.11,26114112569.00,219235405395.00
11-Aug-20,11881.65,11932.71,11195.71,11410.53,27039782640.00,210616121945.00
12-Aug-20,11404.60,11748.40,11249.61,11584.93,25064548486.00,213846666475.00
13-Aug-20,11588.41,11796.40,11216.87,11784.14,27522199497.00,217534728413.00
14-Aug-20,11772.66,12150.99,11685.46,11768.87,24237958589.00,217265120503.00
15-Aug-20,11768.70,11963.20,11768.70,11865.70,23354924400.00,219064372745.00
16-Aug-20,11866.69,11934.90,11737.19,11892.80,20583375490.00,219576092170.00
17-Aug-20,11895.66,12359.06,11806.70,12254.40,28227687027.00,226261747567.00
18-Aug-20,12251.90,12335.71,11954.53,11991.23,26043227672.00,221413097553.00
19-Aug-20,11990.88,12028.92,11687.33,11758.28,24502851117.00,217122068305.00
20-Aug-20,11761.50,11900.41,11710.06,11878.37,20175242945.00,219350310326.00
21-Aug-20,11878.03,11899.26,11564.98,11592.49,23762425999.00,214082401861.00
22-Aug-20,11585.48,11689.41,11448.81,11681.83,20224191306.00,215742068895.00
23-Aug-20,11679.70,11713.43,11559.92,11664.85,18482062658.00,215439967321.00
24-Aug-20,11663.69,11807.63,11623.25,11774.60,20681511755.00,217477962650.00
25-Aug-20,11773.59,11778.30,11189.85,11366.14,26301509932.00,209942744481.00
26-Aug-20,11366.89,11530.05,11296.99,11488.36,22466660958.00,212210534428.00
27-Aug-20,11485.61,11570.79,11185.94,11323.40,23240415076.00,209172436817.00
28-Aug-20,11325.30,11545.62,11316.42,11542.50,19807127588.00,213231661583.00
29-Aug-20,11541.05,11585.64,11466.29,11506.87,17485597759.00,212583870983.00
30-Aug-20,11508.71,11715.26,11492.38,11711.51,19760127945.00,216373660045.00
31-Aug-20,11713.31,11768.88,11598.32,11680.82,22285928250.00,215817677822.00
01-Sep-20,11679.32,12067.08,11601.13,11970.48,27311555343.00,221181001607.00
02-Sep-20,11964.82,11964.82,11290.79,11414.03,28037405299.00,210909793681.00
03-Sep-20,11407.19,11443.02,10182.47,10245.30,31927261555.00,189322069063.00
04-Sep-20,10230.37,10663.92,10207.94,10511.81,29965130374.00,194255818704.00
05-Sep-20,10512.53,10581.57,9946.68,10169.57,44916565292.00,187940141276.00
06-Sep-20,10167.22,10353.93,10056.89,10280.35,37071460174.00,189997214393.00
07-Sep-20,10281.00,10399.15,9916.49,10369.56,33703098409.00,191657203885.00
08-Sep-20,10369.31,10414.78,9945.11,10131.52,33430927462.00,187267336728.00
09-Sep-20,10134.15,10350.54,10017.25,10242.35,24128292755.00,189325507175.00
10-Sep-20,10242.33,10503.91,10238.14,10363.14,54406443211.00,191568387062.00
11-Sep-20,10369.03,10434.92,10140.84,10400.91,45201121775.00,192275791669.00
12-Sep-20,10409.86,10578.84,10292.39,10442.17,36750077324.00,193049493277.00
13-Sep-20,10452.40,10577.22,10224.33,10323.76,36506852789.00,190870759062.00
14-Sep-20,10328.73,10800.01,10266.01,10680.84,35453581940.00,197484272947.00
15-Sep-20,10677.75,10938.63,10656.46,10796.95,32509451925.00,199641896762.00
16-Sep-20,10797.76,11100.12,10704.88,10974.90,30769986455.00,202942925722.00
17-Sep-20,10973.25,11037.42,10774.63,10948.99,38151810523.00,202475761712.00
18-Sep-20,10951.82,11034.91,10829.66,10944.59,26341903912.00,202405809881.00
19-Sep-20,10933.75,11134.09,10909.62,11094.35,22764204008.00,205185696336.00
20-Sep-20,11095.87,11095.87,10814.48,10938.27,24699523788.00,202308927892.00
21-Sep-20,10934.93,10988.30,10380.26,10462.26,28884999244.00,193514327128.00
22-Sep-20,10459.62,10568.08,10382.73,10538.46,23621787804.00,194932197947.00
23-Sep-20,10535.49,10537.83,10197.86,10246.19,23788661867.00,189529920746.00
24-Sep-20,10248.79,10771.06,10231.49,10760.07,47144380902.00,199045623654.00
25-Sep-20,10761.11,10777.70,10578.91,10692.72,39348590957.00,197809986226.00
26-Sep-20,10695.58,10773.00,10667.28,10750.72,46852525493.00,198893019774.00
27-Sep-20,10746.89,10803.98,10622.92,10775.27,53745972818.00,199357967523.00
28-Sep-20,10776.61,10945.35,10703.89,10709.65,47762394731.00,198154065044.00
29-Sep-20,10709.65,10860.00,10649.50,10844.64,46582396602.00,200660083839.00
30-Sep-20,10843.87,10847.26,10669.32,10784.49,44171073700.00,199556965504.00
01-Oct-20,10795.25,10933.62,10472.36,10619.45,40023134100.00,196512086756.00
02-Oct-20,10619.82,10657.84,10416.69,10575.98,48661453918.00,195716085732.00
03-Oct-20,10575.10,10598.94,10511.13,10549.33,44660271563.00,195233191301.00
04-Oct-20,10550.44,10686.00,10534.39,10669.58,71251776995.00,197468899357.00
05-Oct-20,10676.53,10793.51,10634.60,10793.34,47537578009.00,199769602128.00
06-Oct-20,10796.31,10797.58,10528.89,10604.41,42623695307.00,196281911458.00
07-Oct-20,10603.36,10680.51,10562.51,10668.97,37799458436.00,197485816055.00
08-Oct-20,10669.37,10945.74,10562.61,10915.69,63314794397.00,202064144550.00
09-Oct-20,10927.91,11102.67,10846.85,11064.46,22799117613.00,204827451843.00
10-Oct-20,11059.14,11442.21,11056.94,11296.36,22877978588.00,209130239495.00
11-Oct-20,11296.08,11428.81,11288.63,11384.18,19968627060.00,210766812992.00
12-Oct-20,11392.64,11698.47,11240.69,11555.36,26163972642.00,213950143824.00
13-Oct-20,11548.72,11548.98,11321.22,11425.90,24241420251.00,211565586739.00
14-Oct-20,11429.05,11539.98,11307.83,11429.51,24103426719.00,211643390713.00
15-Oct-20,11426.60,11569.91,11303.60,11495.35,24487233058.00,212873103428.00
16-Oct-20,11502.83,11540.06,11223.01,11322.12,25635480772.00,209676088344.00
17-Oct-20,11322.12,11386.26,11285.35,11358.10,19130430174.00,210353665235.00
18-Oct-20,11355.98,11483.36,11347.58,11483.36,18283314340.00,212682581771.00
19-Oct-20,11495.04,11799.09,11408.29,11742.04,23860769928.00,217482407293.00
20-Oct-20,11745.97,11999.92,11681.48,11916.34,30915821592.00,220721282865.00
21-Oct-20,11913.08,13184.57,11900.93,12823.69,43414712626.00,237532386963.00
22-Oct-20,12801.64,13161.59,12717.09,12965.89,34729759598.00,240166387522.00
23-Oct-20,12971.55,13015.96,12752.65,12931.54,28974975003.00,239557562148.00
24-Oct-20,12931.57,13145.07,12885.75,13108.06,24542317940.00,242839876186.00
25-Oct-20,13108.06,13329.18,12910.06,13031.17,24406920575.00,241425217440.00
26-Oct-20,13031.20,13225.30,12822.38,13075.25,29461458313.00,242250997936.00
27-Oct-20,13075.24,13759.67,13060.84,13654.22,33749878156.00,252985946390.00
28-Oct-20,13654.21,13837.70,12932.25,13271.29,35867318895.00,245899824465.00
29-Oct-20,13271.30,13612.05,12980.06,13437.88,56499499598.00,248995322466.00
30-Oct-20,13437.87,13651.52,13136.20,13546.52,30581485201.00,251018154920.00
31-Oct-20,13546.53,14028.21,13457.53,13780.99,30306464719.00,255372071116.00
01-Nov-20,13780.99,13862.03,13628.38,13737.11,24453857900.00,254569759063.00
02-Nov-20,13737.03,13808.32,13243.16,13550.49,30771455468.00,251119864445.00
03-Nov-20,13550.45,13984.98,13325.44,13950.30,29869951617.00,258541441764.00
04-Nov-20,13950.49,14218.77,13580.47,14133.71,35116364962.00,261954213176.00
05-Nov-20,14133.73,15706.40,14102.09,15579.85,40856321439.00,288771509681.00
06-Nov-20,15579.73,15903.44,15226.84,15565.88,39837841971.00,288526920960.00
07-Nov-20,15565.88,15737.10,14423.20,14833.75,35024953706.00,274970333140.00
08-Nov-20,14833.75,15637.32,14744.11,15479.57,26632075029.00,286955182899.00
09-Nov-20,15479.60,15785.14,14865.53,15332.32,34149115566.00,284236108837.00
10-Nov-20,15332.35,15450.33,15124.96,15290.90,25574938143.00,283468380961.00
11-Nov-20,15290.91,15916.26,15290.01,15701.34,29772374934.00,291077214052.00
12-Nov-20,15701.30,16305.00,15534.77,16276.34,34175758344.00,301736853825.00
13-Nov-20,16276.44,16463.18,15992.15,16317.81,31599492172.00,302505533181.00
14-Nov-20,16317.81,16317.81,15749.19,16068.14,27481710135.00,297877068423.00
15-Nov-20,16068.14,16123.11,15793.53,15955.59,23653867583.00,295790551598.00
16-Nov-20,15955.58,16816.18,15880.71,16716.11,31526766675.00,309889423249.00
17-Nov-20,16685.69,17782.92,16564.54,17645.41,39006849170.00,327257094857.00
18-Nov-20,17645.19,18393.95,17352.91,17804.01,49064800278.00,330218014062.00
19-Nov-20,17803.86,18119.55,17382.55,17817.09,36985055355.00,330475167134.00
20-Nov-20,17817.08,18773.23,17765.80,18621.31,36992873940.00,345411881099.00
21-Nov-20,18621.32,18936.62,18444.36,18642.23,39650210707.00,345819234185.00
22-Nov-20,18642.23,18688.97,17671.38,18370.00,41280434226.00,340790183317.00
23-Nov-20,18370.02,18711.43,18000.80,18364.12,42741112308.00,340698070308.00
24-Nov-20,18365.01,19348.27,18128.66,19107.46,51469565009.00,354504361032.00
25-Nov-20,19104.41,19390.97,18581.15,18732.12,43710357371.00,347558803507.00
26-Nov-20,18729.84,18866.29,16351.03,17150.62,61396835737.00,318231964319.00
27-Nov-20,17153.91,17445.02,16526.42,17108.40,38886494645.00,317464460530.00
28-Nov-20,17112.93,17853.94,16910.65,17717.42,32601040734.00,328782832212.00
29-Nov-20,17719.63,18283.63,17559.12,18177.48,31133957704.00,337336592123.00
30-Nov-20,18178.32,19749.26,18178.32,19625.84,47728480399.00,364229729426.00
01-Dec-20,19633.77,19845.98,18321.92,18803.00,49633658712.00,348976597318.00
02-Dec-20,18801.74,19308.33,18347.72,19201.09,37387697139.00,356381007571.00
03-Dec-20,19205.93,19566.19,18925.78,19445.40,31930317405.00,360933936017.00
04-Dec-20,19446.97,19511.40,18697.19,18699.77,33872388058.00,347111351136.00
05-Dec-20,18698.39,19160.45,18590.19,19154.23,27242455064.00,355563938256.00
06-Dec-20,19154.18,19390.50,18897.89,19345.12,25293775714.00,359123541247.00
07-Dec-20,19343.13,19411.83,18931.14,19191.63,26896357742.00,356293229783.00
08-Dec-20,19191.53,19283.48,18269.95,18321.14,31692288756.00,340148764252.00
09-Dec-20,18320.88,18626.29,17935.55,18553.92,34420373071.00,344486483494.00
10-Dec-20,18553.30,18553.30,17957.07,18264.99,25547132265.00,339136939586.00
11-Dec-20,18263.93,18268.45,17619.53,18058.90,27919640985.00,335326168919.00
12-Dec-20,18051.32,18919.55,18046.04,18803.66,21752580802.00,349170613899.00
13-Dec-20,18806.77,19381.54,18734.33,19142.38,25450468637.00,355479173806.00
14-Dec-20,19144.49,19305.10,19012.71,19246.64,22473997681.00,357432550020.00
15-Dec-20,19246.92,19525.01,19079.84,19417.08,26741982542.00,360614771027.00
16-Dec-20,19418.82,21458.91,19298.32,21310.60,44409011479.00,395799863746.00
17-Dec-20,21308.35,23642.66,21234.68,22805.16,71378606374.00,423576934966.00
18-Dec-20,22806.80,23238.60,22399.81,23137.96,40387896275.00,429781092528.00
19-Dec-20,23132.87,24085.86,22826.47,23869.83,38487546580.00,443399267277.00
20-Dec-20,23861.77,24209.66,23147.71,23477.30,37844228422.00,436129331482.00
21-Dec-20,23474.46,24059.98,22159.37,22803.08,45852713981.00,423625088584.00
22-Dec-20,22794.04,23789.90,22430.60,23783.03,44171632681.00,441850902134.00
23-Dec-20,23781.97,24024.49,22802.65,23241.34,51146161904.00,431808778580.00
24-Dec-20,23240.20,23768.34,22777.60,23735.95,41080759713.00,441017197764.00
25-Dec-20,23733.57,24710.10,23463.67,24664.79,42068395846.00,458297232692.00
26-Dec-20,24677.02,26718.07,24522.69,26437.04,48332647295.00,491250863157.00
27-Dec-20,26439.37,28288.84,25922.77,26272.29,66479895605.00,488213268382.00
28-Dec-20,26280.82,27389.11,26207.64,27084.81,49056742893.00,503339329917.00
29-Dec-20,27081.81,27370.72,25987.30,27362.44,45265946774.00,508523687097.00
30-Dec-20,27360.09,28937.74,27360.09,28840.95,51287442704.00,536033807161.00
31-Dec-20,28841.57,29244.88,28201.99,29001.72,46754964848.00,539051138108.00
01-Jan-21,28994.01,29600.63,28803.59,29374.15,40730301359.00,546001594838.00
02-Jan-21,29376.46,33155.12,29091.18,32127.27,67865420765.00,597205944669.00
03-Jan-21,32129.41,34608.56,32052.32,32782.02,78665235202.00,609409213147.00
04-Jan-21,32810.95,33440.22,28722.76,31971.91,81163475344.00,594384025391.00
05-Jan-21,31977.04,34437.59,30221.19,33992.43,67547324782.00,631980005970.00
06-Jan-21,34013.61,36879.70,33514.03,36824.36,75289433811.00,684671246324.00
07-Jan-21,36833.87,40180.37,36491.19,39371.04,84762141031.00,732062681138.00
08-Jan-21,39381.77,41946.74,36838.64,40797.61,88107519480.00,758625941267.00
09-Jan-21,40788.64,41436.35,38980.88,40254.55,61984162837.00,748563483043.00
10-Jan-21,40254.22,41420.19,35984.63,38356.44,79980747690.00,713304617761.00
11-Jan-21,38346.53,38346.53,30549.60,35566.66,123320567399.00,661457321418.00
12-Jan-21,35516.36,36568.53,32697.98,33922.96,74773277909.00,630920422745.00
13-Jan-21,33915.12,37599.96,32584.67,37316.36,69364315979.00,694069582194.00
14-Jan-21,37325.11,39966.41,36868.56,39187.33,63615990033.00,728904366964.00
15-Jan-21,39156.71,39577.71,34659.59,36825.37,67760757881.00,685005864471.00
16-Jan-21,36821.65,37864.37,35633.55,36178.14,57706187875.00,673000645231.00
17-Jan-21,36163.65,36722.35,34069.32,35791.28,52359854336.00,665831621391.00
18-Jan-21,35792.24,37299.29,34883.84,36630.08,49511702429.00,681470030572.00
19-Jan-21,36642.23,37755.89,36069.81,36069.81,57244195486.00,671081200700.00
20-Jan-21,36050.11,36378.33,33570.48,35547.75,66834573161.00,661400102161.00
21-Jan-21,35549.40,35552.68,30250.75,30825.70,75643067688.00,573565664943.00
22-Jan-21,30817.63,33811.85,28953.37,33005.76,77207272511.00,614160521492.00
23-Jan-21,32985.76,33360.98,31493.16,32067.64,48354737975.00,596733137645.00
24-Jan-21,32064.38,32944.01,31106.69,32289.38,48643830599.00,600888568010.00
25-Jan-21,32285.80,34802.74,32087.79,32366.39,59897054838.00,602350097075.00
26-Jan-21,32358.61,32794.55,31030.27,32569.85,60255421470.00,606169260387.00
27-Jan-21,32564.03,32564.03,29367.14,30432.55,62576762015.00,566417413554.00
28-Jan-21,30441.04,33858.31,30023.21,33466.10,76517157706.00,622910073820.00
29-Jan-21,34318.67,38406.26,32064.81,34316.39,117894572511.00,638768671362.00
30-Jan-21,34295.94,34834.71,32940.19,34269.52,65141828798.00,637924573284.00
31-Jan-21,34270.88,34288.33,32270.18,33114.36,52754542671.00,616452744533.00
01-Feb-21,33114.58,34638.21,32384.23,33537.18,61400400660.00,624349044409.00
02-Feb-21,33533.20,35896.88,33489.22,35510.29,63088585433.00,661114581664.00
03-Feb-21,35510.82,37480.19,35443.98,37472.09,61166818159.00,697672910488.00
04-Feb-21,37475.10,38592.18,36317.50,36926.06,68838074392.00,687542752523.00
05-Feb-21,36931.55,38225.91,36658.76,38144.31,58598066402.00,710266752534.00
06-Feb-21,38138.39,40846.55,38138.39,39266.01,71326033653.00,731192490093.00
07-Feb-21,39250.19,39621.84,37446.15,38903.44,65500641143.00,724478833211.00
08-Feb-21,38886.83,46203.93,38076.32,46196.46,101467222687.00,860342706260.00
09-Feb-21,46184.99,48003.72,45166.96,46481.10,91809846886.00,865682956619.00
10-Feb-21,46469.76,47145.57,43881.15,44918.18,87301089896.00,836616907527.00
11-Feb-21,44898.71,48463.47,44187.76,47909.33,81388911810.00,892364856136.00
12-Feb-21,47877.03,48745.73,46424.98,47504.85,76555041196.00,884874050612.00
13-Feb-21,47491.20,48047.74,46392.28,47105.52,70250456155.00,877478894464.00
14-Feb-21,47114.51,49487.64,47114.51,48717.29,71248675228.00,907551330153.00
15-Feb-21,48696.54,48875.57,46347.48,47945.06,77069903166.00,893210080039.00
16-Feb-21,47944.46,50341.10,47201.30,49199.87,77049582886.00,916623418254.00
17-Feb-21,49207.28,52533.91,49072.38,52149.01,80820545404.00,971611626454.00
18-Feb-21,52140.97,52474.11,51015.76,51679.80,52054723579.00,962915078024.00
19-Feb-21,51675.98,56113.65,50937.28,55888.13,63495496918.00,1041380696669.00
20-Feb-21,55887.34,57505.23,54626.56,56099.52,68145460026.00,1045371087640.00
21-Feb-21,56068.57,58330.57,55672.61,57539.94,51897585191.00,1072263294725.00
22-Feb-21,57532.74,57533.39,48967.57,54207.32,92052420332.00,1010205212981.00
23-Feb-21,54204.93,54204.93,45290.59,48824.43,106102492824.00,909925854460.00
24-Feb-21,48835.09,51290.14,47213.50,49705.33,63695521388.00,926393090751.00
25-Feb-21,49709.08,51948.97,47093.85,47093.85,54506565949.00,877766126138.00
26-Feb-21,47180.46,48370.79,44454.84,46339.76,350967941479.00,863752275053.00
27-Feb-21,46344.77,48253.27,45269.03,46188.45,45910946382.00,860978135421.00
28-Feb-21,46194.02,46716.43,43241.62,45137.77,53443887451.00,841428977515.00
01-Mar-21,45159.50,49784.02,45115.09,49631.24,53891300112.00,925235527882.00
02-Mar-21,49612.11,50127.51,47228.85,48378.99,47530897720.00,901933683269.00
03-Mar-21,48415.81,52535.14,48274.32,50538.24,53220811975.00,942236576905.00
04-Mar-21,50522.31,51735.09,47656.93,48561.17,52343816680.00,905414104807.00
05-Mar-21,48527.03,49396.43,46542.51,48927.30,48625928883.00,912285065720.00
06-Mar-21,48899.23,49147.22,47257.53,48912.38,34363564661.00,912054166029.00
07-Mar-21,48918.68,51384.37,48918.68,51206.69,43137459378.00,954880954585.00
08-Mar-21,51174.12,52314.07,49506.05,52246.52,48597428048.00,974321883623.00
09-Mar-21,52272.97,54824.12,51981.83,54824.12,50912227385.00,1022439972862.00
10-Mar-21,54824.01,57258.25,53290.89,56008.55,57295577614.00,1044580057477.00
11-Mar-21,55963.18,58091.06,54484.59,57805.12,56772343595.00,1078135604118.00
12-Mar-21,57821.22,57996.62,55376.65,57332.09,55689944702.00,1069366321844.00
13-Mar-21,57343.37,61683.86,56217.97,61243.08,60669829814.00,1142369158667.00
14-Mar-21,61221.13,61597.92,59302.32,59302.32,43901225564.00,1106226132525.00
15-Mar-21,59267.43,60540.99,55393.17,55907.20,66419369890.00,1042946024860.00
16-Mar-21,55840.79,56833.18,53555.03,56804.90,59749798599.00,1059745818423.00
17-Mar-21,56825.83,58969.82,54528.63,58870.89,60258313191.00,1098337655327.00
18-Mar-21,58893.08,60116.25,54253.58,57858.92,55746041000.00,1079511086884.00
19-Mar-21,57850.44,59498.38,56643.70,58346.65,49063873786.00,1088666450746.00
20-Mar-21,58332.26,60031.29,58213.30,58313.64,50361731222.00,1088105221978.00
21-Mar-21,58309.91,58767.90,56005.62,57523.42,51943414539.00,1073417235408.00
22-Mar-21,57517.89,58471.48,54288.16,54529.15,56521454974.00,1017595269117.00
23-Mar-21,54511.66,55985.44,53470.69,54738.94,56435023914.00,1021563479682.00
24-Mar-21,54710.49,57262.38,52514.33,52774.26,70567223787.00,984948142898.00
25-Mar-21,52726.75,53392.39,50856.57,51704.16,67999812841.00,965028762666.00
26-Mar-21,51683.01,55137.31,51579.86,55137.31,56652197978.00,1029150697411.00
27-Mar-21,55137.57,56568.22,54242.91,55973.51,47266542233.00,1044814147412.00
28-Mar-21,55974.94,56610.31,55071.11,55950.75,47686580918.00,1044446559059.00
29-Mar-21,55947.90,58342.10,55139.34,57750.20,57625587027.00,1078088296477.00
30-Mar-21,57750.13,59447.22,57251.55,58917.69,54414116432.00,1099939890804.00
31-Mar-21,58930.28,59930.03,57726.42,58918.83,65520826225.00,1100016786763.00
01-Apr-21,58926.56,59586.07,58505.28,59095.81,61669163792.00,1103377830758.00
02-Apr-21,59098.88,60267.19,58869.28,59384.31,58727860620.00,1108813863083.00
03-Apr-21,59397.41,60110.27,57603.89,57603.89,59641344484.00,1075617261180.00
04-Apr-21,57604.84,58913.75,57168.68,58758.56,50749662970.00,1097232660348.00
05-Apr-21,58760.87,59891.30,57694.83,59057.88,60706272115.00,1102880790089.00
06-Apr-21,59171.93,59479.58,57646.81,58192.36,66058027988.00,1086769183295.00
07-Apr-21,58186.51,58731.14,55604.02,56048.94,75645303584.00,1046793054753.00
08-Apr-21,56099.91,58338.74,55879.08,58323.95,53053855641.00,1089334328139.00
09-Apr-21,58326.56,58937.05,57807.86,58245.00,46655208546.00,1087911057870.00
10-Apr-21,58253.78,61276.67,58038.71,59793.24,58238470525.00,1116889802872.00
11-Apr-21,59846.23,60790.56,59289.80,60204.96,46280252580.00,1124635848775.00
12-Apr-21,60175.94,61253.04,59589.87,59893.45,51828688519.00,1118871072069.00
13-Apr-21,59890.02,63742.28,59869.96,63503.46,69983454362.00,1186364044140.00
14-Apr-21,63523.75,64863.10,61554.80,63109.70,77451779687.00,1179061093980.00
15-Apr-21,63075.20,63821.67,62208.96,63314.01,60954381579.00,1182945492744.00
16-Apr-21,63258.51,63594.72,60222.53,61572.79,84293007468.00,1150457156740.00
17-Apr-21,61529.92,62572.18,60361.35,60683.82,66138759198.00,1133882479237.00
18-Apr-21,60701.89,61057.46,52829.54,56216.19,97468872758.00,1050445401610.00
19-Apr-21,56191.58,57520.05,54368.59,55724.27,65344865159.00,1041287672154.00
20-Apr-21,55681.79,57062.15,53448.05,56473.03,67849323955.00,1055323526514.00
21-Apr-21,56471.13,56757.97,53695.47,53906.09,54926612466.00,1007389534360.00
22-Apr-21,53857.11,55410.23,50583.81,51762.27,74798630778.00,967372472375.00
23-Apr-21,51739.81,52120.79,47714.66,51093.65,86668667320.00,954919230092.00
24-Apr-21,51143.23,51167.56,48805.28,50050.87,49014494781.00,935471648213.00
25-Apr-21,50052.83,50506.02,47159.49,49004.25,46117114240.00,915955943256.00
26-Apr-21,49077.79,54288.00,48852.80,54021.75,58284039825.00,1009780042661.00
27-Apr-21,54030.30,55416.96,53319.19,55033.12,49448222757.00,1028733359592.00
28-Apr-21,55036.64,56227.21,53887.92,54824.70,48000572955.00,1024888208734.00
29-Apr-21,54858.09,55115.84,52418.03,53555.11,46088929780.00,1001193634072.00
30-Apr-21,53568.66,57900.72,53129.60,57750.18,52395931985.00,1079669884320.00
01-May-21,57714.66,58448.34,57052.27,57828.05,42836427360.00,1081174515343.00
02-May-21,57825.86,57902.59,56141.91,56631.08,38177405335.00,1058862005057.00
03-May-21,56620.27,58973.31,56590.87,57200.29,51713139031.00,1069563935453.00
04-May-21,57214.18,57214.18,53191.43,53333.54,68564706967.00,997324142593.00
05-May-21,53252.16,57911.36,52969.06,57424.01,69241316747.00,1073873012867.00
06-May-21,57441.31,58363.31,55382.51,56396.51,69523285106.00,1054714918675.00
07-May-21,56413.95,58606.63,55321.85,57356.40,68434023376.00,1072727435210.00
08-May-21,57352.77,59464.61,56975.21,58803.78,65382980634.00,1099863941004.00
09-May-21,58877.39,59210.88,56482.00,58232.32,65906690347.00,1089244557676.00
10-May-21,58250.87,59519.35,54071.46,55859.80,71776546298.00,1044927337818.00
11-May-21,55847.24,56872.54,54608.65,56704.57,61308396325.00,1060790877192.00
12-May-21,56714.53,57939.36,49150.53,49150.53,75215403907.00,919527847950.00
13-May-21,49735.43,51330.84,46980.02,49716.19,96721152926.00,930161010060.00
14-May-21,49682.98,51438.12,48868.58,49880.53,55737497453.00,933276901265.00
15-May-21,49855.49,50639.67,46664.14,46760.19,59161047474.00,874931019742.00
16-May-21,46716.64,49720.04,43963.35,46456.06,64047871555.00,869279076502.00
17-May-21,46415.90,46623.56,42207.29,43537.51,74903638450.00,814701646509.00
